<?xml version="1.0" encoding="UTF-8"?>
<beans xmlns="http://www.springframework.org/schema/beans"
       xmlns:xsi="http://www.w3.org/2001/XMLSchema-instance"
       xmlns:context="http://www.springframework.org/schema/context"
       xmlns:tx="http://www.springframework.org/schema/tx"
       xsi:schemaLocation="http://www.springframework.org/schema/beans
       http://www.springframework.org/schema/beans/spring-beans.xsd
       http://www.springframework.org/schema/context
       http://www.springframework.org/schema/context/spring-context.xsd
       http://www.springframework.org/schema/tx
       http://www.springframework.org/schema/tx/spring-tx.xsd">

    <context:property-placeholder location="classpath:druid.properties"/>

    <!-- 基于Druid数据库链接池的数据源配置 -->
    <bean id="dataSource" class="com.alibaba.druid.pool.DruidDataSource" init-method="init" destroy-method="close">
        <property name="driverClassName" value="${jdbc.driverClass}" />
        <property name="url" value="${jdbc.url}" />
        <property name="username" value="${jdbc.username}" />
        <property name="password" value="${jdbc.password}" />
        <property name="initialSize" value="${druid.initialSize}" />
        <property name="minIdle" value="${druid.minIdle}" />
        <property name="maxActive" value="${druid.maxActive}" />
        <property name="maxWait" value="${druid.maxWait}" />
        <property name="testWhileIdle" value="${druid.testWhileIdle}" />
        <property name="minEvictableIdleTimeMillis" value="${druid.minEvictableIdleTimeMillis}" />
        <property name="timeBetweenEvictionRunsMillis" value="${druid.timeBetweenEvictionRunsMillis}" />
        <property name="validationQuery" value="${druid.validationQuery}"/>
    </bean>

    <!-- 配置SqlSessionFactory -->
    <bean id="sqlSessionFactory" class="org.mybatis.spring.SqlSessionFactoryBean">
        <property name="dataSource" ref="dataSource"/>
        <property name="configLocation" value="classpath:mybatis/mybatis-config.xml"/>
    </bean>

    <!-- 配置SqlSessionTemplate -->
    <bean id="sqlSessionTemplate" class="org.mybatis.spring.SqlSessionTemplate">
        <constructor-arg index="0" ref="sqlSessionFactory"/>
    </bean>

    <!-- 配置事务管理器 -->
    <bean id="dataSourceTransactionManager" class="org.springframework.jdbc.datasource.DataSourceTransactionManager">
        <property name="dataSource" ref="dataSource"/>
    </bean>

    <!-- 启用事务注解 -->
    <tx:annotation-driven transaction-manager="dataSourceTransactionManager"/>
</beans>