<?xml version="1.0" encoding="UTF-8" ?>
<!-- Copyright 2009-2012 The MyBatis Team Licensed under the Apache License, 
	Version 2.0 (the "License"); you may not use this file except in compliance 
	with the License. You may obtain a copy of the License at http://www.apache.org/licenses/LICENSE-2.0 
	Unless required by applicable law or agreed to in writing, software distributed 
	under the License is distributed on an "AS IS" BASIS, WITHOUT WARRANTIES 
	OR CONDITIONS OF ANY KIND, either express or implied. See the License for 
	the specific language governing permissions and limitations under the License. -->
<!DOCTYPE configuration
        PUBLIC "-//mybatis.org//DTD Config 3.0//EN"
        "http://mybatis.org/dtd/mybatis-3-config.dtd">

<configuration>
    <settings>
        <!-- 这个配置使全局的映射器启用或禁用缓存 -->
        <setting name="cacheEnabled" value="true" />
        <!-- 全局启用或禁用延迟加载，当禁用时,所有关联对象都会即时加载 -->
        <setting name="lazyLoadingEnabled" value="true" />
        <!-- 当启用时，有延迟加载属性的对象在被调用时将会完全加载任意属性。否则，每种属性将会按需要加载。 -->
        <setting name="aggressiveLazyLoading" value="false"/>
        <!-- 允许或不允许多种结果集从一个单独的语句中返回(需要适合的驱动) -->
        <setting name="multipleResultSetsEnabled" value="true" />
        <!-- 使用列标签代替列名，不同的驱动在这方面表现不同，参考驱动文档或充分测试两种方法来决定所使用的驱动 -->
        <setting name="useColumnLabel" value="true" />
        <!-- 允许JDBC支持生成的键，需要适合的驱动，如果设置为true,则这个设置强制生成的键被使用,尽管一些驱动拒绝兼容但仍然有效(比如Derby) -->
        <setting name="useGeneratedKeys" value="false" />
        <!-- 配置默认的执行器,SIMPLE执行器没有什么特别之处,REUSE执行器重用预处理语句,BATCH执行器重用语句和批量更新 -->
        <setting name="defaultExecutorType" value="SIMPLE" />
        <!-- 设置超时时间,它决定驱动等待一个数据库响应的时间 -->
        <setting name="defaultStatementTimeout" value="100" />
        <!-- 允许在嵌套语句中使用分页（RowBounds） -->
        <setting name="safeRowBoundsEnabled" value="false" />
        <!-- 是否开启自动驼峰命名规则（camel case）映射，即从经典数据库列名 A_COLUMN 到经典 Java 属性名 aColumn 的类似映射。 -->
        <setting name="mapUnderscoreToCamelCase" value="false" />
        <!-- MyBatis 利用本地缓存机制（Local Cache）防止循环引用（circular references）和加速重复嵌套查询。 默认值为 SESSION，这种情况下会缓存一个会话中执行的所有查询。 若设置值为 STATEMENT，本地会话仅用在语句执行上，对相同 SqlSession 的不同调用将不会共享数据。 -->
        <setting name="localCacheScope" value="SESSION" />
        <!-- 当没有为参数提供特定的 JDBC 类型时，为空值指定 JDBC 类型。 某些驱动需要指定列的 JDBC 类型，多数情况直接用一般类型即可，比如 NULL、VARCHAR 或 OTHER。 -->
        <setting name="jdbcTypeForNull" value="OTHER" />
        <!-- 指定哪个对象的方法触发一次延迟加载。 -->
        <setting name="lazyLoadTriggerMethods" value="equals,clone,hashCode,toString" />
    </settings>

    <typeAliases>
        <package name="com.kevin.user.entity"/>
    </typeAliases>

    <mappers>
        <mapper resource="mybatis/mapper/PmsUser.Mapper.xml"/>
    </mappers>
</configuration>
